Japanese,Episodes,Status,Aired,Producers,Licensors,Studios,Source,Duration,Rating,Ranked,Popularity,Members,Favorites,Type,Genre,Score,Score Count,Synonyms,Genres,English,Theme,Themes,Broadcast,Premiered,Demographic
バイオレンス劇画 新・堕靡泥の星 淫魔伝説,1,Finished Airing,"Mar 8, 1991","None found,","None found,","None found,",Unknown,41 min.,Rx - Hentai,N/A,#12837,549,0,['OVA'],['Hentai'],5.02,152,,,,,,,,
ペロペロキャンデー,1,Finished Airing,"May 10, 1985",['Fuji Video'],"None found,","None found,",Unknown,22 min.,Rx - Hentai,N/A,#11337,963,1,['OVA'],['Hentai'],5.01,322,,,,,,,,
シャイニング・MAY,1,Finished Airing,"Nov 28, 1985","None found,","None found,","None found,",Unknown,25 min.,Rx - Hentai,N/A,#12227,688,1,['OVA'],['Hentai'],5.01,204,"May's Hot Night, Synphony Yume Monogatari, Symphony Yume Monogatari, Little Mermaid Series",,,,,,,
スーパーエロティックアニメ,2,Finished Airing,"Oct 9, 1985 to Oct 17, 1985","None found,","None found,","None found,",Unknown,27 min. per ep.,Rx - Hentai,N/A,#13423,442,1,['OVA'],['Hentai'],5.01,116,"Madonna Kimochi ii Koto Shite Kudasai, Ane & Imouto Kimochi ii Koto Shite Kudasai",,,,,,,
抱かれたい女,2,Finished Airing,"Apr 27, 1990 to Sep 21, 1990",['Agent 21'],"None found,","None found,",Unknown,45 min. per ep.,Rx - Hentai,N/A,#12613,601,0,['OVA'],,5.01,125,,"['Romance', 'Hentai']",,,,,,
銀の男,1,Finished Airing,"Jan 10, 1992","None found,","None found,",['J.C.Staff'],Manga,49 min.,Rx - Hentai,N/A,#13062,507,1,['OVA'],,5.01,143,,"['Romance', 'Hentai']",,,,,,
零媚耶,1,Finished Airing,"Dec 20, 2003","None found,","None found,","None found,",Original,28 min.,Rx - Hentai,N/A,#12417,647,0,['OVA'],['Hentai'],5.00,193,,,,,,,,
喪失郷,1,Finished Airing,"Nov 25, 2004",['Milky Animation Label'],"None found,",['Lead'],Visual novel,28 min.,Rx - Hentai,N/A,#8648,"2,808",5,['OVA'],,5.00,726,Soshitsukyo,"['Girls Love', 'Erotica', 'Hentai']",Soushitsukyou,,,,,
スケ番商会 キューティレモン,3,Finished Airing,"Dec 22, 1984 to Jul 1988","None found,","None found,","None found,",Unknown,24 min. per ep.,Rx - Hentai,N/A,#12608,597,0,['OVA'],['Hentai'],4.99,174,,,,,,,,
原罪病棟,2,Finished Airing,"Jun 22, 1999 to Nov 18, 1999",['Five Ways'],"None found,","None found,",Unknown,30 min. per ep.,Rx - Hentai,N/A,#11076,"1,084",1,['OVA'],['Hentai'],4.99,264,,,The Ward of Original Sin,,,,,
ピアニスト,1,Finished Airing,"Jun 25, 1998","None found,",['NuTech Digital'],"None found,",Manga,26 min.,Rx - Hentai,N/A,#10835,"1,185",0,['OVA'],['Hentai'],4.97,424,,,The Pianist,,,,,
堕天使たちの狂宴 (原作: ダーティ松本),1,Finished Airing,"Mar 10, 1985","None found,","None found,","None found,",Unknown,21 min.,Rx - Hentai,N/A,#11753,821,1,['OVA'],['Hentai'],4.97,269,Datenshi Tachi no Kyouen,,,,,,,
ディテクティブ file.1禁断の愛,1,Finished Airing,"Jul 29, 1999",['Green Bunny'],['Media Blasters'],"None found,",Unknown,28 min.,Rx - Hentai,N/A,#9843,"1,784",2,['OVA'],['Hentai'],4.97,543,,,Bondage House,,,,,
ドラゴンナイト外伝,1,Finished Airing,"Feb 25, 1995",['All Products'],"None found,",['Triple X'],Visual novel,47 min.,Rx - Hentai,N/A,#10333,"1,459",1,['OVA'],,4.97,450,,"['Action', 'Fantasy', 'Hentai']",,['Demons'],,,,
保健室で逢いましょう,1,Finished Airing,"Aug 27, 1999",['Allure'],"None found,","None found,",Unknown,40 min.,Rx - Hentai,N/A,#11702,838,0,['OVA'],['Hentai'],4.97,166,,,,,,,,
女畜,1,Finished Airing,"Feb 26, 1999",['Digital Works'],['Media Blasters'],['Y.O.U.C'],Manga,31 min.,Rx - Hentai,N/A,#10834,"1,187",2,['OVA'],['Hentai'],4.97,364,Metiku,,Office Affairs,,,,,
リヨン伝説フレア,2,Finished Airing,"Jul 14, 1986 to Apr 21, 1990",['AIC'],['SoftCel Pictures'],"None found,",Unknown,28 min. per ep.,Rx - Hentai,N/A,#10447,"1,383",1,['OVA'],,4.96,466,,"['Action', 'Fantasy', 'Hentai']",Legend of Lyon Flare,['Demons'],,,,
ＳＦロリータファンタジー「ＯＭＥ－１」,2,Finished Airing,"Jul 23, 1985 to Oct 5, 1985","None found,","None found,","None found,",Unknown,30 min. per ep.,Rx - Hentai,N/A,#12068,725,3,['OVA'],,4.96,197,,"['Sci-Fi', 'Hentai']",,['Parody'],,,,
ビートショット!!,1,Finished Airing,"May 25, 1989","['AIC', 'Magic Bus']","None found,",['Gainax'],Manga,27 min.,Rx - Hentai,N/A,#11414,934,1,['OVA'],,4.94,245,,"['Sports', 'Hentai']",Watch Me Sink My Putz,,,,,
G.T.R,4,Finished Airing,"Oct 13, 2000 to Jun 25, 2004","None found,","None found,","None found,",Unknown,30 min. per ep.,Rx - Hentai,N/A,#11197,"1,014",0,['OVA'],['Hentai'],4.94,207,,,,,,,,
マイ ライフ アズ,1,Finished Airing,"Jul 22, 1999",['Five Ways'],['NuTech Digital'],['Meltdown'],Manga,34 min.,Rx - Hentai,N/A,#9831,"1,792",4,['OVA'],,4.93,609,"My Life as a Chicken, My Life As...","['Comedy', 'Girls Love', 'Erotica', 'Hentai']",,,,,,
ザ・サティスファクション,1,Finished Airing,"Dec 15, 1984","None found,","None found,","None found,",Unknown,21 min.,Rx - Hentai,N/A,#12793,559,1,['OVA'],['Hentai'],4.93,181,,,,,,,,
YU-NO,4,Finished Airing,"Oct 23, 1998 to Sep 24, 1999",['Pink Pineapple'],['NuTech Digital'],['PP Project'],Visual novel,28 min. per ep.,Rx - Hentai,N/A,#8087,"3,513",2,['OVA'],,4.93,890,Yuno,"['Sci-Fi', 'Hentai']",,,,,,
聖操奴隷,2,Finished Airing,"Aug 22, 1999 to Jan 27, 2000",['Five Ways'],"None found,",['Meltdown'],Manga,28 min. per ep.,Rx - Hentai,N/A,#11062,"1,084",1,['OVA'],['Hentai'],4.93,259,,,,,,,,
エイミーと呼ばないでっ,2,Finished Airing,"Feb 28, 1997 to Jun 27, 1997",['Pink Pineapple'],"None found,",['Triple X'],Visual novel,28 min. per ep.,Rx - Hentai,N/A,#10730,"1,232",2,['OVA'],['Hentai'],4.92,417,Amy to Yobanaide,,,,,,,
ピンクのカーテン,1,Finished Airing,"Nov 25, 1987","None found,","None found,","None found,",Unknown,29 min.,Rx - Hentai,N/A,#12960,528,0,['OVA'],,4.92,159,"Pink Curtain, Curtain of the Pink","['Slice of Life', 'Hentai']",,,,,,
裸足の放課後,1,Finished Airing,"Mar 10, 1985",['Five Ways'],"None found,","None found,",Unknown,26 min.,Rx - Hentai,N/A,#10813,"1,195",3,['OVA'],,4.91,371,"Classmate, Little Mermaid Series","['Girls Love', 'Erotica', 'Hentai']",,,,,,
天使のはばたきJUN,1,Finished Airing,"Apr 27, 2001",['Obtain Future'],"None found,","None found,",Unknown,30 min.,Rx - Hentai,N/A,#12621,596,0,['OVA'],['Hentai'],4.91,157,Angel Girl Jun,,,,,,,
艶笑日本昔ばなし,1,Finished Airing,"May 25, 1988",['Japan Home Video'],"None found,","None found,",Unknown,30 min.,Rx - Hentai,N/A,#11968,761,2,['OVA'],,4.91,248,,"['Comedy', 'Hentai']",,['Historical'],,,,
奇術師×魔術師 王坂学園探偵部の事件簿,1,Finished Airing,"Apr 26, 2002",['Pink Pineapple'],"None found,",['Studio Kyuuma'],Unknown,27 min.,Rx - Hentai,N/A,#11379,950,1,['OVA'],['Hentai'],4.90,284,,,,,,,,
Rhythm 恋の律動〈りずむ〉,2,Finished Airing,"Jun 11, 1998 to Jan 8, 1999",['Daiei'],"None found,","None found,",Visual novel,31 min. per ep.,Rx - Hentai,N/A,#12011,747,3,['OVA'],['Hentai'],4.90,192,Koi no Ritsudou,,Pure Love,,,,,
聖ミカエラ学園漂流記,2,Finished Airing,"Jun 22, 1990 to Jul 25, 1991","None found,","None found,",['Visual 80'],Unknown,37 min. per ep.,Rx - Hentai,N/A,#10966,"1,119",3,['OVA'],['Hentai'],4.89,300,"St. Michael School Drifting Story, Drifting Story",,,,,,,
みなみの私のハートにタッチして...,1,Finished Airing,"Nov 19, 1989","None found,","None found,","None found,",Unknown,29 min.,Rx - Hentai,N/A,#12267,680,2,['OVA'],,4.88,180,Sexy Anime Rama #2,"['Romance', 'Hentai']",,,,,,
ラブリー・シリーズ,2,Finished Airing,"Jul 10, 1985 to Nov 1, 1985",['Fuji Video'],"None found,","None found,",Unknown,23 min. per ep.,Rx - Hentai,N/A,#12528,622,0,['OVA'],['Hentai'],4.88,165,,,Lovely Series,,,,,
閻魔國 アンダーワールド,1,Finished Airing,"Nov 18, 2000","None found,","None found,","None found,",Unknown,1 hr. 4 min.,Rx - Hentai,N/A,#12873,541,0,['OVA'],['Hentai'],4.88,134,,,,,,,,
あげまんと福ちん,1,Finished Airing,"Dec 21, 1991","None found,","None found,",['Knack Productions'],Unknown,29 min.,Rx - Hentai,N/A,#11148,"1,040",2,['OVA'],['Hentai'],4.86,292,"Ageman to Fuku-chan, Ageman and Fuku Chin, Ageman and Fuku-chan",,,,,,,
淫妖蟲 蝕 -孕ミ堕チル少女達- Anime Edition,1,Finished Airing,"Aug 4, 2017","['MS Pictures', 'AniMan']","None found,",['Studio 9 Maiami'],Visual novel,14 min.,Rx - Hentai,N/A,#8726,"2,753",5,['OVA'],['Hentai'],4.86,784,,,,['Demons'],,,,
JUNK STORY 鉄屑物語,1,Finished Airing,"Jan 21, 1999",['Ripple Film'],"None found,","None found,",Unknown,28 min.,Rx - Hentai,N/A,#11265,985,1,['OVA'],,4.86,274,,"['Action', 'Sci-Fi', 'Hentai']",,,,,,
オリジナルビデオロマンスアニメーション,2,Finished Airing,"Nov 30, 1984 to Dec 22, 1984","None found,","None found,","None found,",Unknown,25 min. per ep.,Rx - Hentai,N/A,#12923,536,0,['OVA'],,4.86,132,"Joshidaisei Seiko-chan, College Girl Seiko-Chan, Seiko: Joshidaisei Seiko-chan, Office Lady Akina-chan","['Comedy', 'Hentai']",,,,,,
女スパイ拷問 敵の基地は女体拷問所,1,Finished Airing,2001,"None found,","None found,","None found,",Unknown,40 min.,Rx - Hentai,N/A,#13615,418,1,['OVA'],['Hentai'],4.85,124,Onna Spy Gaumont,,,,,,,
聖少女戦隊レイカーズＥＸ,1,Finished Airing,"May 21, 1996",['BEAM Entertainment'],['Media Blasters'],['animate Film'],Unknown,28 min.,Rx - Hentai,N/A,#10504,"1,350",3,['OVA'],,4.85,439,"Sei Shoujo Sentai Lakers EX, Best of Kitty #1 (3), Battle Team Lakers EX","['Sci-Fi', 'Hentai']",Battle Team Lakers EX,,,,,
くノ一学園忍法帖,6,Finished Airing,"1999 to May 22, 2000",['D3'],"None found,","None found,",Original,23 min. per ep.,Rx - Hentai,N/A,#9379,"2,118",2,['OVA'],,4.85,424,"Schoolgirl Ninja Harlem, Ninja Group, Kunoichi Gakuen Nimpocho","['Action', 'Comedy', 'Hentai']",Ninja,,"['Demons', 'Martial Arts', 'School']",,,
ごっくんドール 超次元ピッコちゃん登場!!,1,Finished Airing,"May 24, 1990","None found,","None found,","None found,",Unknown,30 min.,Rx - Hentai,N/A,#11989,756,5,['OVA'],,4.84,203,Sexy Anime Rama #4,"['Sci-Fi', 'Hentai']",,['School'],,,,
交淫天使 背徳のリセエンヌ,1,Finished Airing,"Nov 19, 1998",['Digital Works'],"None found,","None found,",Original,28 min.,Rx - Hentai,N/A,#10763,"1,216",0,['OVA'],['Hentai'],4.84,406,,,Co-eD Affairs,,,,,
未来超獣フォビア,2,Finished Airing,"Oct 27, 1995 to Sep 27, 1996","None found,","None found,","None found,",Unknown,42 min. per ep.,Rx - Hentai,N/A,#10888,"1,157",0,['OVA'],,4.83,307,,"['Horror', 'Hentai']",Fobia,,,,,
ヌードルヌード2,1,Finished Airing,1999,"None found,","None found,","None found,",Unknown,1 hr. 10 min.,Rx - Hentai,N/A,#12908,538,1,['OVA'],,4.82,136,"Nudlnude 2, 누들누드 2","['Comedy', 'Hentai']",,['Parody'],,,,
SILENT CHASER 狩神,1,Finished Airing,"Aug 21, 2000","None found,","None found,","None found,",Unknown,30 min.,Rx - Hentai,N/A,#13219,480,0,['OVA'],['Hentai'],4.82,121,,,,,,,,
テレパシスト愛Q315 (サイコ),1,Finished Airing,"Apr 25, 1985","None found,","None found,","None found,",Unknown,25 min.,Rx - Hentai,N/A,#12069,726,0,['OVA'],['Hentai'],4.82,213,"Telepathist AI Q315 Saiko, The Telepathist Ai-Q Saiko, IQ Psycho, IQ Pshyco, Synphony Yume Monogatari, Symphony Yume Monogatari, Little Mermaid Series",,IQ Psycho,,,,,
オーパーツ　オーマン,1,Finished Airing,1987,['Studio AWAKE'],"None found,","None found,",Unknown,6 min.,Rx - Hentai,N/A,#10738,"1,230",2,['Special'],,4.81,508,"Out-of-place artifacts: Oman, OOPARTS: Oman","['Action', 'Comedy', 'Hentai']",,['Mecha'],,,,
瞳裸,4,Finished Airing,"Jun 18, 2001 to Jan 18, 2002",['Five Ways'],"None found,","None found,",Visual novel,28 min. per ep.,Rx - Hentai,N/A,#11572,882,1,['OVA'],['Hentai'],4.79,217,Dora,,,,,,,
平成女学園 課外レッスン,1,Finished Airing,"Apr 27, 2001",['Obtain Future'],"None found,","None found,",Unknown,20 min.,Rx - Hentai,N/A,#11085,"1,077",3,['OVA'],['Hentai'],4.78,307,School Girl: Special Lesson,,,,,,,
究極のSEXアドベンチャー カーマスートラ,1,Finished Airing,"Apr 24, 1992",['Toho'],"None found,",['animate Film'],Manga,42 min.,Rx - Hentai,N/A,#10067,"1,637",5,['OVA'],,4.78,572,"Kama Sutra Kyuukyoku no Sex Adventure, Kyukioku no Sex Adventure Kamasutra, Kama Sutra: The Ultimate Sex Adventure","['Action', 'Comedy', 'Romance', 'Supernatural', 'Hentai']",Kama Sutra,,,,,
まなみの未知との遭入!?,1,Finished Airing,"Feb 22, 1990","None found,","None found,","None found,",Unknown,28 min.,Rx - Hentai,N/A,#12372,657,3,['OVA'],,4.74,178,Sexy Anime Rama #3,"['Sci-Fi', 'Hentai']",,,,,,
ドール 沙綾,1,Finished Airing,"Jul 27, 2001",['Obtain Future'],"None found,","None found,",Unknown,21 min.,Rx - Hentai,N/A,#11745,826,0,['OVA'],['Hentai'],4.73,258,,,,,,,,
イケナイBOY,1,Finished Airing,"Apr 27, 1990","None found,","None found,",['J.C.Staff'],Manga,51 min.,R+ - Mild Nudity,N/A,#12243,687,0,['OVA'],,4.72,168,,"['Comedy', 'Erotica']",,['Harem'],,,,
蒼い告白,1,Finished Airing,"Feb 25, 2003",['Milky Animation Label'],"None found,",['Studio OX'],Unknown,25 min.,Rx - Hentai,N/A,#11367,951,0,['OVA'],['Hentai'],4.70,269,,,,,,,,
淫獣 ねらわれたアイドル,1,Finished Airing,"Jul 2, 1997",['Pink Pineapple'],['SoftCel Pictures'],['PP Project'],Unknown,47 min.,Rx - Hentai,N/A,#10623,"1,283",2,['OVA'],['Hentai'],4.70,453,,,Idol of Darkness,['Demons'],,,,
素人倶楽部/ハメ撮りアニメ完全無修正!!,1,Finished Airing,"Aug 20, 2003","None found,","None found,","None found,",Unknown,29 min.,Rx - Hentai,N/A,#12725,572,0,['OVA'],['Hentai'],4.69,173,Shirouto Kurabu,,,,,,,
プリマドンナ舞,1,Finished Airing,"Dec 21, 2001",['Obtain Future'],"None found,","None found,",Unknown,28 min.,Rx - Hentai,N/A,#11262,988,1,['OVA'],['Hentai'],4.68,286,,,,,,,,
僧侶と交わる色欲の夜に…,12,Finished Airing,"Apr 3, 2017 to Jun 19, 2017","['Kujou-kun no Bonnou wo Mimamoru-kai', 'Cloud22']","None found,",['Seven'],Manga,3 min. per ep.,R+ - Mild Nudity,N/A,#2858,"39,789",80,['TV'],,4.66,13839,On a Lustful Night Mingling with a Priest,"['Drama', 'Romance', 'Erotica']",,,,Mondays at 01:00 (JST),['Spring 2017'],
パンキー ファンキー ベイビー,1,Finished Airing,"May 1, 1985","None found,","None found,","None found,",Unknown,25 min.,Rx - Hentai,N/A,#12416,653,0,['OVA'],['Hentai'],4.65,210,"Synphony Yume Monogatari, Symphony Yume Monogatari, Little Mermaid Series",,Punky Funky Baby,,,,,
聖ミカエラ学園漂流記Ⅱ,2,Finished Airing,"Oct 21, 1994 to Nov 25, 1995",['All Products'],['Central Park Media'],['J.C.Staff'],Unknown,47 min. per ep.,Rx - Hentai,N/A,#11122,"1,053",0,['OVA'],['Hentai'],4.65,324,"St. Michaela School II, Sins of the Sisters",,Sins of the Sisters,,,,,
弥生,1,Finished Airing,"Dec 28, 1997","None found,","None found,","None found,",Unknown,6 min.,Rx - Hentai,N/A,#11383,950,0,['OVA'],['Hentai'],4.64,350,Police Girl Yayoi,,,,,,,
69 핑크 라이더스 2,1,Finished Airing,"Feb 18, 2002","None found,","None found,","None found,",Unknown,55 min.,Rx - Hentai,N/A,#10892,"1,152",0,['OVA'],['Hentai'],4.64,323,,,69 Pink Riders 2,,,,,
アイドル強制操作,2,Finished Airing,"Feb 24, 2017 to Apr 13, 2018","None found,","None found,","None found,",Manga,28 min. per ep.,Rx - Hentai,N/A,#8488,"2,989",2,['OVA'],['Hentai'],4.63,789,,,,,,,,
ミルキィギャル キャッツ愛,1,Finished Airing,"Jun 21, 1985",['Fuji Video'],"None found,","None found,",Unknown,30 min.,Rx - Hentai,N/A,#12805,564,0,['OVA'],['Hentai'],4.61,161,,,,,,,,
微・笑・女あにめラマ「ミユキちゃんSOS-Hしちゃうゾ-」,1,Finished Airing,"Aug 24, 1989","None found,","None found,","None found,",Unknown,30 min.,Rx - Hentai,N/A,#12248,687,2,['OVA'],['Hentai'],4.60,202,Sexy Anime Rama #1,,,,,,,
フェアリーフォレスト レミちゃん,1,Finished Airing,"Apr 21, 2000","['Adult Source Media', 'Obtain Future']","None found,","None found,",Unknown,21 min.,Rx - Hentai,N/A,#9385,"2,114",3,['OVA'],['Hentai'],4.60,805,Fairy in the Forest,,Fairy Forest Remi-chan,,,,,
ドリームハザード -悪魔のプログラム-,1,Finished Airing,"Feb 25, 1998",['NuTech Digital'],['Central Park Media'],"None found,",Manga,27 min.,Rx - Hentai,N/A,#10712,"1,241",2,['OVA'],['Hentai'],4.59,443,,,Dream Hazard,,,,,
超能力少女バラバンバ,1,Finished Airing,"Jun 21, 1985",['Japan Home Video'],"None found,","None found,",Unknown,28 min.,Rx - Hentai,N/A,#11361,954,0,['OVA'],['Hentai'],4.58,265,,,,,,,,
変貌 モラルハザード,1,Finished Airing,"Mar 23, 2001",['Obtain Future'],"None found,","None found,",Unknown,22 min.,Rx - Hentai,N/A,#10831,"1,186",2,['OVA'],['Hentai'],4.57,452,Moral Hazard,,,,,,,
かぐや姫 竹取物語,1,Finished Airing,"Sep 21, 1987","None found,","None found,","None found,",Unknown,27 min.,Rx - Hentai,N/A,#11235,999,2,['OVA'],['Hentai'],4.56,301,Kaguyahime: Taketori Monogatari,,,['Historical'],,,,
WAKE UP! アリア 魔女っ娘バージン 危機一髪,1,Finished Airing,"Feb 20, 1998","None found,","None found,","None found,",Unknown,28 min.,Rx - Hentai,N/A,#11273,987,1,['OVA'],['Hentai'],4.54,321,"Aria, Wake Up!, Best of Kitty #2 (1)",,Wake Up! Aria,,,,,
青い体験,2,Finished Airing,"Oct 11, 1984 to Oct 7, 1985","None found,","None found,","None found,",Unknown,25 min. per ep.,Rx - Hentai,N/A,#11781,810,2,['OVA'],['Hentai'],4.54,266,,,,,,,,
メイド召しませ,1,Finished Airing,"Dec 1, 2001",['Obtain Future'],"None found,","None found,",Unknown,28 min.,Rx - Hentai,N/A,#11000,"1,107",0,['OVA'],['Hentai'],4.54,367,Mahya the Servant,,,,,,,
69 핑크 라이더스,1,Finished Airing,"Jun 30, 2000","None found,","None found,","None found,",Unknown,51 min.,Rx - Hentai,N/A,#10444,"1,384",3,['OVA'],['Hentai'],4.47,402,Pink Riders,,,,,,,
家庭教師　美少年狩り,1,Finished Airing,"Dec 21, 2001",['Obtain Future'],"None found,","None found,",Unknown,19 min.,Rx - Hentai,N/A,#11691,840,0,['OVA'],['Hentai'],4.47,206,,,,,,,,
ミニスカ学園,1,Finished Airing,"Dec 21, 2001",['Obtain Future'],"None found,","None found,",Original,19 min.,Rx - Hentai,N/A,#10362,"1,435",3,['OVA'],['Hentai'],4.42,514,Mini Skirt Jogakuen,,Girl's Locker Room Lust,,,,,
pico ～ぼくの小さな夏物語～,1,Finished Airing,"Nov 11, 2007",['Natural High'],"None found,","['Sugar Boy', 'Blue Cat']",Original,30 min.,PG-13 - Teens 13 or older,N/A,#5023,"11,881",87,['OVA'],,4.39,5615,Pico: Boku no Chiisana Natsu Monogatari,"['Boys Love', 'Erotica']",,,,,,
ぴことちこ,1,Finished Airing,"Apr 19, 2007",['Natural High'],"None found,","['Sugar Boy', 'Blue Cat']",Original,36 min.,Rx - Hentai,N/A,#2170,"65,703",306,['OVA'],,4.38,42221,"Boku no Piko OVA 2, Boku no Pico, Pico & Chico","['Boys Love', 'Hentai']",,,,,,
バトルキャン²,1,Finished Airing,"May 25, 1987","None found,",['Media Blasters'],"None found,",Unknown,30 min.,Rx - Hentai,N/A,#11108,"1,060",0,['OVA'],,4.36,400,Battle Can-Can,"['Action', 'Sci-Fi', 'Hentai']",Battle Can2,,,,,
ぴこ×CoCo×ちこ,1,Finished Airing,"Oct 9, 2008",['Natural High'],"None found,","['Sugar Boy', 'Blue Cat']",Original,35 min.,Rx - Hentai,N/A,#2248,"61,525",312,['OVA'],,4.35,39180,"Boku no Pico OVA 3, Boku no Piko","['Boys Love', 'Hentai']",,,,,,
女子大エッチ相談室,1,Finished Airing,"Dec 15, 2001",['Obtain Future'],"None found,","None found,",Unknown,21 min.,Rx - Hentai,N/A,#10225,"1,534",6,['OVA'],['Hentai'],4.28,515,,,University Girls: Special Counseling,,,,,
ぼくのぴこ,1,Finished Airing,"Sep 7, 2006",['Natural High'],"None found,","['Sugar Boy', 'Blue Cat']",Original,34 min.,Rx - Hentai,N/A,#1117,"161,525","1,562",['OVA'],,4.26,105072,"Boku no Piko, My Pico, Boku no Pico OVA 1 - My Pico","['Boys Love', 'Hentai']",,,,,,
エスパー美少女まなみ,1,Finished Airing,"Jul 27, 2001",['Obtain Future'],"None found,","None found,",Unknown,22 min.,Rx - Hentai,N/A,#10486,"1,361",2,['OVA'],['Hentai'],4.23,462,,,Sexy Fighter Manami,,,,,
블루시걸,1,Finished Airing,"Nov 5, 1994","None found,","None found,","None found,",Unknown,1 hr. 14 min.,Rx - Hentai,N/A,#11314,976,1,['Movie'],,4.14,320,Beullu sigeol,"['Action', 'Hentai']",Blue Seagull,,,,,
オフサイドガール,2,Finished Airing,"Apr 25, 2007 to Aug 25, 2007","['MS Pictures', 'AniMan']","None found,",['Cutie Bee'],Manga,15 min. per ep.,Rx - Hentai,N/A,#9607,"1,944",2,['OVA'],,4.05,597,,"['Sports', 'Hentai']",,,,,,
終ノ空,1,Finished Airing,"Aug 10, 2002",['Obtain Future'],"None found,","None found,",Visual novel,23 min.,Rx - Hentai,N/A,#7201,"4,790",19,['OVA'],['Hentai'],2.24,2834,Endsky,,,,,,,
森のくまさん、冬眠中。,Unknown,Not yet aired,Not available,"None found,","None found,","None found,",Manga,Unknown,R+ - Mild Nudity,N/A,#12392,658,0,['TV'],,,,"Mori no Kuma-san, Toumin-chuu ni Chikubi wo Mederaremashita.","['Boys Love', 'Erotica']",,,,Unknown,?,
オタクに優しいギャルとか、巨乳の幼なじみとか。,2,Not yet aired,"Apr 8, 2022 to Jun 17, 2022","None found,","None found,","None found,",Manga,20 min. per ep.,Rx - Hentai,N/A,#15208,265,1,['OVA'],['Hentai'],,,,,,,,,,
王子の本命は悪役令嬢,Unknown,Not yet aired,"Jan 10, 2022 to ?",['Suiseisha'],"None found,",['Studio Hokiboshi'],Web manga,Unknown,R+ - Mild Nudity,N/A,#9697,"1,885",4,['TV'],,,,Game World Reincarnation ~Sex on the First Night~,"['Fantasy', 'Romance', 'Erotica']",,,,Mondays at 01:00 (JST),['Winter 2022'],
パパ喝ッ!,Unknown,Not yet aired,"Dec 24, 2021 to ?","None found,","None found,",['Nur'],Original,20 min.,Rx - Hentai,N/A,#12924,533,3,['OVA'],['Hentai'],,,,,,,,,,
カチュアアヘりイキ出産シーン,1,Finished Airing,"Sep 14, 2012","None found,","None found,",['Studio 9 Maiami'],Visual novel,3 min.,Rx - Hentai,N/A,#13954,375,1,['Special'],['Hentai'],,,Princess Knight☆Catue Special,,,,,,,
レイプ！レイプ！レイプ！DVD-BOX 特典映像,1,Finished Airing,"Oct 8, 2010",['Valkyria'],"None found,","None found,",Visual novel,1 min.,Rx - Hentai,N/A,#14072,366,0,['Special'],['Hentai'],,,Rape! Rape! Rape! Tokuten Eizou,,,,,,,
囀る鳥は羽ばたかない The storm breaks,1,Not yet aired,Not available,"None found,","None found,",['GRIZZLY'],Manga,Unknown,R+ - Mild Nudity,N/A,#6249,"6,842",18,['Movie'],,,,Twittering Birds Never Fly,"['Boys Love', 'Drama', 'Erotica']",,,,,,
聖奴隷学園2,2,Not yet aired,"Feb 11, 2022 to ?","None found,","None found,","None found,",Visual novel,20 min. per ep.,Rx - Hentai,N/A,#15906,220,0,['OVA'],['Hentai'],,,,,,,,,,
しょうたいむ！～歌のお姉さんだってしたい,Unknown,Not yet aired,Not available,"None found,","None found,","None found,",Manga,Unknown,R+ - Mild Nudity,N/A,#11017,"1,164",0,['TV'],['Erotica'],,,,,,,,Unknown,?,
すヾみ舟,1,Finished Airing,1932,"None found,","None found,","None found,",Original,10 min.,Rx - Hentai,N/A,#14154,353,0,['Movie'],['Hentai'],,,Suzumi-fune,,,['Historical'],,,,
特典映像 - シャロンの手料理 vs ミューのコスプレ vs ニーナの既成事実 三つ巴の決戦,1,Finished Airing,"Dec 18, 2009","None found,","None found,","None found,",Visual novel,5 min.,Rx - Hentai,N/A,#14712,305,0,['Special'],,,,"Words Worth Special, Sharon's Home Cooking vs. Mew's Cosplay vs. Nina's Established Fact—Three-Cornered Battle","['Comedy', 'Hentai']",,,,,,
Abandon -100ヌキしないと出られない不思議な教室-,Unknown,Not yet aired,"Feb 4, 2022 to ?",['Mary Jane'],"None found,","None found,",Manga,20 min.,Rx - Hentai,N/A,#13553,423,0,['OVA'],['Hentai'],,,,,,,,,,
茜ハ摘マレ染メラレル,2,Not yet aired,"Feb 4, 2022",['Lune Pictures'],"None found,",['T-Rex'],Manga,16 min. per ep.,Rx - Hentai,N/A,#12103,720,4,['OVA'],['Hentai'],,,Akane's In A Pinch,,,,,,,
アネハメ 俺の初恋が実姉なわけがない,Unknown,Not yet aired,"Dec 24, 2021 to ?",['Mary Jane'],"None found,","None found,",Light novel,20 min.,Rx - Hentai,N/A,#13140,491,0,['OVA'],['Hentai'],,,,,,,,,,
エロ医師 ~清純美少女を言葉巧みにハメたい放題~,Unknown,Not yet aired,"Jan 28, 2022 to ?","None found,","None found,","None found,",Visual novel,20 min.,Rx - Hentai,N/A,#15534,246,0,['OVA'],['Hentai'],,,,,,,,,,
Garden ~高嶺家の二輪花~ THE ANIMATION,Unknown,Not yet aired,"Feb 25, 2022 to ?",['Pink Pineapple'],"None found,",['Seven'],Manga,20 min.,Rx - Hentai,N/A,#14966,282,0,['OVA'],['Hentai'],,,,,,,,,,
がーるずらっしゅ THE ANIMATION,2,Not yet aired,"Dec 24, 2021",['Pink Pineapple'],"None found,",['Studio 1st'],Manga,20 min. per ep.,Rx - Hentai,N/A,#12082,724,2,['OVA'],['Hentai'],,,,,,,,,,
ソウル美人記者 愛欲インサイダー,1,Finished Airing,"Apr 26, 2002","None found,","None found,","None found,",Unknown,1 hr. 25 min.,Rx - Hentai,N/A,#12902,536,1,['OVA'],['Hentai'],,,Seoul Bijin Kisha: Aiyoku Insider,,,,,,,
(秘)劇画 浮世絵千一夜,1,Finished Airing,"Oct 29, 1969",['Toei Video'],"None found,","None found,",Unknown,1 hr. 10 min.,Rx - Hentai,N/A,#12800,561,1,['Movie'],,,,"Hi Gekiga Ukiyoe Sen'ya Ichiya, Maruhi Gekiga Ukiyoe Sen'ya Ichiya, Maruhi Gekiga: Ukiyo-e 1001 Nights","['Action', 'Hentai']",,,,,,
ひみつのきち,2,Not yet aired,"Feb 4, 2022 to ?",['Queen Bee'],"None found,","None found,",Manga,20 min. per ep.,Rx - Hentai,N/A,#13827,386,1,['OVA'],['Hentai'],,,,,,,,,,
イケナイＢＯＹ イカす（秘）ハンドパワー,1,Finished Airing,"Sep 28, 1990","None found,","None found,",['J.C.Staff'],Unknown,50 min.,Rx - Hentai,N/A,#13457,439,0,['OVA'],,,,,"['Comedy', 'Hentai']",,,,,,
遺作 終劇「罪と罰」,1,Finished Airing,"Mar 26, 1999",['Pink Pineapple'],"None found,","['Studio Kyuuma', 'Triple X']",Visual novel,29 min.,Rx - Hentai,N/A,#15493,249,0,['Special'],['Hentai'],,,"Isaku Recap, Isaku: Crime And Punishment",,,,,,,
解放区 ~痴漢ハーレム~,1,Finished Airing,"Mar 25, 2007",['Jam'],['Kitty Media'],['Studio Jam'],Visual novel,17 min.,Rx - Hentai,N/A,#17849,114,0,['OVA'],['Hentai'],,,Pervs on a Train: Free Zone,,,,,,,
キミはやさしく寝取られる THE ANIMATION,Unknown,Not yet aired,"Feb 25, 2022 to ?",['Pink Pineapple'],"None found,",['Seven'],Original,20 min.,Rx - Hentai,N/A,#15189,266,0,['OVA'],['Hentai'],,,,,,,,,,
コンビニ少女Z,Unknown,Not yet aired,"Dec 24, 2021 to ?","None found,","None found,",['Suzuki Mirano'],Visual novel,30 min.,Rx - Hentai,N/A,#12105,719,1,['OVA'],['Hentai'],,,,,,,,,,
ころがし涼太,3,Finished Airing,"Nov 21, 1990 to Nov 21, 1991",['Knack Productions'],"None found,","None found,",Unknown,41 min. per ep.,R+ - Mild Nudity,N/A,#14518,320,1,['OVA'],,,,,"['Action', 'Comedy', 'Hentai']",,,,,,['Seinen']
巨乳エルフ母娘催眠,2,Not yet aired,"Jan 28, 2022",['Lune Pictures'],"None found,",['T-Rex'],Visual novel,20 min. per ep.,Rx - Hentai,N/A,#12789,560,0,['OVA'],['Hentai'],,,,,,,,,,
えみる触手凌辱種付けシーン,1,Finished Airing,"Dec 11, 2015",['Valkyria'],"None found,","['Studio Fantasia', 'Rabbit Gate']",Visual novel,3 min.,Rx - Hentai,N/A,#13947,377,1,['Special'],,,,Mahou Shoujo Elena Special,"['Supernatural', 'Hentai']",,,,,,
